{"cameraMode":{"drawMode":0,"name":"Shaded","section":"Shading Mode"},"sceneLighting":false,"audioPlay":false,"sceneViewState":{"showFog":true,"showMaterialUpdate":false,"showSkybox":false,"showFlares":true,"showImageEffects":true,"showParticleSystems":true},"in2DMode":false,"pivot":{"x":-0.003991622477769852,"y":-0.042137712240219119,"z":-0.09091392159461975},"rotation":{"x":0.3512504994869232,"y":0.04801890254020691,"z":-0.018032146617770196,"w":0.9348812103271484},"size":0.5235334038734436,"orthographic":false}