{"cameraMode":{"drawMode":0,"name":"Shaded","section":"Shading Mode"},"sceneLighting":true,"audioPlay":false,"sceneViewState":{"showFog":true,"showMaterialUpdate":false,"showSkybox":true,"showFlares":true,"showImageEffects":true,"showParticleSystems":true},"in2DMode":false,"pivot":{"x":-22.853063583374025,"y":0.10554909706115723,"z":-6.2065558433532719},"rotation":{"x":0.0632113665342331,"y":-0.9008839130401611,"z":0.1403048187494278,"w":0.4058769643306732},"size":11.084151268005371,"orthographic":false}