{"cameraMode":{"drawMode":0,"name":"Shaded","section":"Shading Mode"},"sceneLighting":true,"audioPlay":false,"sceneViewState":{"showFog":true,"showMaterialUpdate":false,"showSkybox":true,"showFlares":true,"showImageEffects":true,"showParticleSystems":true},"in2DMode":false,"pivot":{"x":-5.308130264282227,"y":-3.9006528854370119,"z":11.042201042175293},"rotation":{"x":0.1845381110906601,"y":0.2759104073047638,"z":-0.05406517535448074,"w":0.9417526125907898},"size":19.587099075317384,"orthographic":false}