{"cameraMode":{"drawMode":0,"name":"Shaded","section":"Shading Mode"},"sceneLighting":false,"audioPlay":false,"sceneViewState":{"showFog":true,"showMaterialUpdate":false,"showSkybox":false,"showFlares":true,"showImageEffects":true,"showParticleSystems":true},"in2DMode":false,"pivot":{"x":0.26032739877700808,"y":1.3409500122070313,"z":0.12237691879272461},"rotation":{"x":-0.14067432284355164,"y":-0.10169370472431183,"z":0.014527546241879464,"w":-0.9847159385681152},"size":2.7890822887420656,"orthographic":false}