{"cameraMode":{"drawMode":0,"name":"Shaded","section":"Shading Mode"},"sceneLighting":true,"audioPlay":false,"sceneViewState":{"showFog":true,"showMaterialUpdate":false,"showSkybox":true,"showFlares":true,"showImageEffects":true,"showParticleSystems":true},"in2DMode":false,"pivot":{"x":-4.060822486877441,"y":1.7276415824890137,"z":8.881624221801758},"rotation":{"x":0.10767845809459686,"y":-0.7958827614784241,"z":0.14853164553642274,"w":0.5770016312599182},"size":3.234360933303833,"orthographic":false}