{"cameraMode":{"drawMode":0,"name":"Shaded","section":"Shading Mode"},"sceneLighting":true,"audioPlay":false,"sceneViewState":{"showFog":true,"showMaterialUpdate":false,"showSkybox":true,"showFlares":true,"showImageEffects":true,"showParticleSystems":true},"in2DMode":false,"pivot":{"x":-0.17087936401367188,"y":-1.1032154560089112,"z":1.3655164241790772},"rotation":{"x":0.3268429636955261,"y":0.014175508171319962,"z":-0.0049030170775949959,"w":0.9449598789215088},"size":2.5172784328460695,"orthographic":false}