{"cameraMode":{"drawMode":0,"name":"Shaded","section":"Shading Mode"},"sceneLighting":false,"audioPlay":false,"sceneViewState":{"showFog":true,"showMaterialUpdate":false,"showSkybox":false,"showFlares":true,"showImageEffects":true,"showParticleSystems":true},"in2DMode":false,"pivot":{"x":0.18884213268756867,"y":0.9868209362030029,"z":0.031784653663635257},"rotation":{"x":-0.14067432284355164,"y":-0.10169370472431183,"z":0.014527546241879464,"w":-0.9847159385681152},"size":1.5890824794769288,"orthographic":false}