{"cameraMode":{"drawMode":0,"name":"Shaded","section":"Shading Mode"},"sceneLighting":true,"audioPlay":false,"sceneViewState":{"showFog":true,"showMaterialUpdate":false,"showSkybox":true,"showFlares":true,"showImageEffects":true,"showParticleSystems":true},"in2DMode":false,"pivot":{"x":-2.750819444656372,"y":6.791214942932129,"z":11.150928497314454},"rotation":{"x":0.2732124924659729,"y":-0.12080743163824082,"z":0.03461103141307831,"w":0.9537169337272644},"size":5.646661758422852,"orthographic":false}