{"cameraMode":{"drawMode":0,"name":"Shaded","section":"Shading Mode"},"sceneLighting":false,"audioPlay":false,"sceneViewState":{"showFog":true,"showMaterialUpdate":false,"showSkybox":false,"showFlares":true,"showImageEffects":true,"showParticleSystems":true},"in2DMode":false,"pivot":{"x":0.01502680778503418,"y":-2.007081985473633,"z":-0.269224613904953},"rotation":{"x":-0.12044573575258255,"y":0.8578358888626099,"z":-0.23408955335617066,"w":-0.4413820505142212},"size":9.357270240783692,"orthographic":false}