{"cameraMode":{"drawMode":0,"name":"Shaded","section":"Shading Mode"},"sceneLighting":true,"audioPlay":false,"sceneViewState":{"showFog":true,"showMaterialUpdate":false,"showSkybox":true,"showFlares":true,"showImageEffects":true,"showParticleSystems":true},"in2DMode":false,"pivot":{"x":21.06871795654297,"y":-3.0739495754241945,"z":3.2638373374938967},"rotation":{"x":0.3512504994869232,"y":0.04801890254020691,"z":-0.018032146617770196,"w":0.9348812103271484},"size":34.00541305541992,"orthographic":false}