{"cameraMode":{"drawMode":0,"name":"Shaded","section":"Shading Mode"},"sceneLighting":false,"audioPlay":false,"sceneViewState":{"showFog":true,"showMaterialUpdate":false,"showSkybox":false,"showFlares":true,"showImageEffects":true,"showParticleSystems":true},"in2DMode":false,"pivot":{"x":0.01502680778503418,"y":-1.1290199756622315,"z":-0.269224613904953},"rotation":{"x":0.3268429636955261,"y":0.014175508171319962,"z":-0.0049030170775949959,"w":0.9449598789215088},"size":7.183459281921387,"orthographic":false}