{"cameraMode":{"drawMode":0,"name":"Shaded","section":"Shading Mode"},"sceneLighting":true,"audioPlay":false,"sceneViewState":{"showFog":true,"showMaterialUpdate":false,"showSkybox":true,"showFlares":true,"showImageEffects":true,"showParticleSystems":true},"in2DMode":false,"pivot":{"x":-13.382768630981446,"y":-0.6316080093383789,"z":12.412503242492676},"rotation":{"x":0.14936399459838868,"y":-0.3724725544452667,"z":0.06087580323219299,"w":0.9139266610145569},"size":15.517064094543457,"orthographic":false}