{"cameraMode":{"drawMode":0,"name":"Shaded","section":"Shading Mode"},"sceneLighting":false,"audioPlay":false,"sceneViewState":{"showFog":true,"showMaterialUpdate":false,"showSkybox":false,"showFlares":true,"showImageEffects":true,"showParticleSystems":true},"in2DMode":false,"pivot":{"x":-0.5840188264846802,"y":-1.430037260055542,"z":1.7205941677093506},"rotation":{"x":0.2732124924659729,"y":-0.12080743163824082,"z":0.03461103141307831,"w":0.9537169337272644},"size":22.0,"orthographic":false}